algorithm_time,avg_time_points,avg_tracks,conflicting_visit_pairs,conflicts,cost,delay_cost_type,index,iterations,lb,max_time_points,name,num_conflicts,num_time_points,num_traveltime,objective_iters,resource_iters,sol_time,solver_name,solver_time,status,time_to_best_value_ms,time_to_first_solution_ms,time_to_optimality_ms,time_to_prove_best_value_ms,total_time,trains,travel_and_resource_iters,travel_iters,ub,value_trace_version
6838977449999990,3435237329042630,20931034088134700,5915,33,34,InfiniteSteps180,0,369,34,23,origA1,160,4270,2478,369,1,1110806269,SatDddSclFreshAddClauses,424484923,ok,11022317429999900,23463838,1107998996,1107998996,1108382344,29,117,245,34,1
22256908299999900,2747692307692300,19.0,3735,33,37,InfiniteSteps180,1,199,37,20,origA2,109,2679,1324,199,2,308184804,SatDddSclFreshAddClauses,84080872,ok,302631388,3310085,306354172,306354172,306649537,25,70,122,37,1
14290770400000000,29576502732240400,22375,2061,33,14,InfiniteSteps180,2,279,14,12,origA3,57,2165,1221,279,1,21980767500000000,SatDddSclFreshAddClauses,75866544,ok,154494105,27961713,218471903,218471903,218773974,16,51,222,14,1
5588531399999990,2351449275362310,19214284896850500,1175,33,22,InfiniteSteps180,3,185,22,8,origA4,31,1298,632,185,1,8142004899999990,SatDddSclFreshAddClauses,24778407,ok,56511352,21589858,8038187300000000,8038187300000000,80663406,14,22,158,22,1
57306273000000000,279957805907173,19.25,876,33,19,InfiniteSteps180,4,154,19,14,origA5,31,1327,739,154,1,85904662,SatDddSclFreshAddClauses,2775712,ok,8377340799999990,20654646,84640704,84640704,85063042,12,26,124,19,1
22350379000000000,18366013071895400,18625,307,33,14,InfiniteSteps180,5,118,14,4,origA6,7,562,228,118,1,33051947999999900,SatDddSclFreshAddClauses,10138187,ok,29064307,20544627,32241325,32241325,32488159,8,3,111,14,1
2394435,25428571428571400,12625,126,33,15,InfiniteSteps180,6,104,15,7,origA7,9,534,288,104,1,32891037999999900,SatDddSclFreshAddClauses,8340996,ok,26030221,19607132999999900,32086237,32086237,32285023,8,4,97,15,1
56659161978,160643115942029,19214284896850500,4877,33,,InfiniteSteps180,7,523,0,87,origA8,1491,17735,12128,523,1,120327429672,SatDddSclFreshAddClauses,63605882404,timeout,19591976408000000,102888857,,,120265044154,28,420,95,138,1
8059476449999990,4070559610705590,20049999237060500,2616,33,40,InfiniteSteps180,8,279,40,22,origA9,172,3346,1936,279,1,12081753740000000,SatDddSclFreshAddClauses,39843642,ok,1192077673,35129284,1204059689,1204059689,1204383756,20,108,165,40,1
57655944,2573228346456690,18176469802856400,1632,33,33,InfiniteSteps180,9,142,33,10,origA10,50,1634,803,142,1,82466273,SatDddSclFreshAddClauses,23876389,ok,26318609,22448850999999900,8127075,8127075,81532055,17,34,105,33,1
6438037065,6535245901639340,1983333396911620,6162,33,25,InfiniteSteps180,10,383,25,32,origA11,513,7973,5096,383,2,14430757805000000,SatDddSclFreshAddClauses,7978846763,ok,14324704727,65547924,14416560005000000,14416560005000000,14416883522,30,220,151,25,1
6283699959,5747588424437290,21714284896850500,6393,33,29,InfiniteSteps180,11,328,29,21,origA12,405,7150,4544,328,1,16017782335,SatDddSclFreshAddClauses,9719765878,ok,15880512718,50732297,16002422624,16002422624,16003465487,28,191,127,29,1
1779238,12102803738317700,1733333396911620,2022,25,7,InfiniteSteps180,12,87,7,3,origB1,4,777,119,87,1,24673164,SatDddSclFreshAddClauses,615932,ok,23520209,17642961,23743926,23743926,23951406,18,2,81,7,1
14480976,15555555555555500,14800000190734800,87,25,5,InfiniteSteps180,13,49,5,5,origB2,4,238,69,49,1,18240347,SatDddSclFreshAddClauses,3221809,ok,15854909000000000,15854909000000000,1746658,1746658,17702501,5,3,44,5,1
19088808999999900,2601156069364160,16799999237060500,136,20,7,InfiniteSteps180,14,100,7,7,origB3,9,450,241,100,1,26925661,SatDddSclFreshAddClauses,7280984,ok,23167174,18539906,26105914000000000,26105914000000000,263695,5,6,91,7,1
56840210999999900,25851063829787200,15949999809265100,2246,25,301,InfiniteSteps180,15,108,301,24,origB4,122,1701,609,108,1,7483419400000000,SatDddSclFreshAddClauses,16692645,ok,48002261999999900,41083332,73250783,73250783,73532473,20,44,61,301,1
13988237,1289617486338790,17799999237060500,136,25,2,InfiniteSteps180,16,39,2,3,origB5,2,236,45,39,1,1684381,SatDddSclFreshAddClauses,2391866,ok,14429563,14429563,16219435,16219435,16379784,5,1,36,2,1
15319982,1535031847133750,15199999809265100,93,25,2,InfiniteSteps180,17,72,2,3,origB6,2,241,76,72,1,20060254,SatDddSclFreshAddClauses,4202794,ok,19133049,16393212000000000,19238063999999900,19238063999999900,1952248,5,1,66,2,1
2421527049,7669312169312160,15.25,2865,25,370,InfiniteSteps180,18,196,370,80,origB7,1020,5798,2652,196,1,28808976140000000,SatDddSclFreshAddClauses,447089818,ok,28107547029999900,9874187099999990,2868319165,2868319165,2868616604,24,185,6,370,1
13761794,11151079136690600,13399999618530200,72,25,6,InfiniteSteps180,19,14,6,2,origB8,1,155,12,14,1,16008823,SatDddSclFreshAddClauses,1554771,ok,14997006,14997006,15063009000000000,15063009000000000,15316253,5,0,12,6,1
20096299999999900,28071065989847700,13571428298950100,150,25,35,InfiniteSteps180,20,65,35,10,origB9,17,553,290,65,1,26774047,SatDddSclFreshAddClauses,5917522,ok,17481051,17481051,25680929000000000,25680929000000000,26013483,7,12,51,35,1
76994275,4347368421052630,11375,130,25,34,InfiniteSteps180,21,165,34,10,origB10,38,826,494,165,1,10862927499999900,SatDddSclFreshAddClauses,29678386,ok,105030922,25522004000000000,10632479599999900,10632479599999900,106672374,8,23,136,34,1
6379588336500000,14407547169811300,15399999618530200,3202,25,425,InfiniteSteps180,22,522,425,193,origB11,2411,11454,5391,522,19,72940297111,SatDddSclFreshAddClauses,9060336787,ok,7245411871000000,183851084,72855509319,72855509319,72856219806,25,460,37,425,1
15241795,11538461538461500,16214284896850500,970,25,6,InfiniteSteps180,23,41,6,3,origB12,3,540,60,41,1,18631314,SatDddSclFreshAddClauses,2706945,ok,17464555,1601667,17681156,17681156,17948431,14,0,38,6,1
556438981,13041834271922700,20931034088134700,5915,33,,InfiniteSteps180,24,569,0,54,trackA1,1269,16211,11215,569,2,12026017871000000,SatDddSclFreshAddClauses,64560220887,timeout,19625352808,4579574,,,120204118726,29,435,124,67,1
45553065577,17895384615384600,19.0,3735,33,,InfiniteSteps180,25,729,0,90,trackA2,1489,17448,12108,728,5,120083727856,SatDddSclFreshAddClauses,74489193083,timeout,94257701491,15737383599999900,,,120042258428,25,526,185,50,1
48596643500000000,6162568306010920,22375,2061,33,18,InfiniteSteps180,26,260,18,26,trackA3,234,4511,2983,260,1,829484466,SatDddSclFreshAddClauses,340613496,ok,458547645,32336419,8261980880000000,8261980880000000,82657963,16,136,118,18,1
192714304,45271739130434700,19214284896850500,1175,33,18,InfiniteSteps180,27,275,18,17,trackA4,102,2499,1589,275,1,298643106,SatDddSclFreshAddClauses,10465654,ok,294644186,21340099000000000,297100388,297100388,297370519,14,70,201,18,1
20963036200000000,439873417721519,19.25,876,33,19,InfiniteSteps180,28,260,19,21,trackA5,84,2085,1319,260,1,34554423699999900,SatDddSclFreshAddClauses,13461476,ok,341375703,34013825999999900,34367915300000000,34367915300000000,344244821,12,60,192,19,1
3814588000000000,2650326797385620,18625,307,33,11,InfiniteSteps180,29,143,11,11,trackA6,23,811,419,143,1,57937718,SatDddSclFreshAddClauses,18898386,ok,56082972000000000,23336691,56655995,56655995,57043951,8,12,126,11,1
25809008,2704761904761900,12625,126,33,10,InfiniteSteps180,30,114,10,7,trackA7,15,568,301,114,1,37247523,SatDddSclFreshAddClauses,10697537,ok,24737198,17727126,36160872,36160872,36506226,8,8,103,10,1
93444664652,3546594005449590,1988888931274410,4862,33,,InfiniteSteps180,31,412,0,211,trackA8,5424,39048,20303,411,2,121749161588,SatDddSclFreshAddClauses,27809186498,timeout,1495580228,1495580228,,,121253848467,27,407,1,208,1
17820108994,15068126520681200,20049999237060500,2616,33,43,InfiniteSteps180,32,785,43,73,trackA9,950,12386,8721,785,3,43544092100999900,SatDddSclFreshAddClauses,25711574593,ok,43438999987,7093716599999990,43531040967,43531040967,435316832,20,449,322,43,1
21891466399999900,37133858267716500,18176469802856400,1632,33,33,InfiniteSteps180,33,203,33,19,trackA10,118,2358,1289,203,1,310809952,SatDddSclFreshAddClauses,88894121,ok,269819127,23948019000000000,307390734,307390734,307808405,17,70,125,33,1
8959924498999990,6165488907148720,20482759475708000,6144,33,,InfiniteSteps180,34,585,0,386,trackA11,13283,75034,33193,584,1,12161515568,SatDddSclFreshAddClauses,31375781681,timeout,8665100813000000,8665100813000000,,,120975026401,29,580,2,221,1
88854207887,8708038585209000,21714284896850500,6393,33,,InfiniteSteps180,35,1017,0,618,trackA12,20649,108328,47085,1016,1,12227418579999900,SatDddSclFreshAddClauses,32518405511,timeout,34987038934,34987038934,,,121372613191,28,1009,5,266,1
424744894,4481308411214950,1733333396911620,2022,25,14,InfiniteSteps180,36,171,14,19,trackB1,157,2877,1656,171,1,598618286,SatDddSclFreshAddClauses,170626016,ok,5823380559999990,24497947999999900,5950895750000000,5950895750000000,59537062,18,76,86,14,1
518671264,38823529411764700,14800000190734800,87,25,26,InfiniteSteps180,37,162,26,23,trackB2,53,594,299,162,5,6782691199999990,SatDddSclFreshAddClauses,153762789,ok,6575986069999990,17564971,6720317689999990,6720317689999990,672433787,5,36,115,26,1
21083922999999900,2791907514450860,16799999237060500,136,20,4,InfiniteSteps180,38,85,4,8,trackB3,17,483,248,85,1,28387763,SatDddSclFreshAddClauses,6483247,ok,2163299,19791912,27175803,27175803,27566873,5,11,71,4,1
8998811681100000,11092705167173200,15949999809265100,2246,25,341,InfiniteSteps180,39,327,341,82,trackB4,656,7299,4583,327,6,103382028681,SatDddSclFreshAddClauses,13234009612,ok,10249231213800000,51127713,10322160039800000,10322160039800000,103222126116,20,235,78,341,1
33502517999999900,44863387978142000,17799999237060500,136,25,11,InfiniteSteps180,40,101,11,13,trackB5,48,821,460,101,1,49602357,SatDddSclFreshAddClauses,15139785,ok,17907372000000000,17907372000000000,48331484,48331484,48641955,5,27,72,11,1
16788041,2050955414012730,15199999809265100,93,25,2,InfiniteSteps180,41,91,2,4,trackB6,5,322,145,91,1,23069098999999900,SatDddSclFreshAddClauses,5674761,ok,22106485,15898294,22270819,22270819,22462512,5,2,85,2,1
10737361241500000,7878306878306870,15.25,2865,25,,InfiniteSteps180,42,285,0,57,trackB7,483,5956,3553,284,1,120236027963,SatDddSclFreshAddClauses,12637584881,timeout,10593844529599900,43114639000000000,,,120011197039,24,182,98,339,1
87523041,37553956834532300,13399999618530200,72,25,12,InfiniteSteps180,43,135,12,12,trackB8,24,522,293,135,2,121422157,SatDddSclFreshAddClauses,32643654,ok,104653153,17003,119888399,119888399,120166356,5,16,111,12,1
10758274399999900,6101522842639590,13571428298950100,150,25,51,InfiniteSteps180,44,135,51,19,trackB9,84,1202,693,135,2,146556304,SatDddSclFreshAddClauses,376902,ok,13908587599999900,30043167,144997884,144997884,145272661,7,50,77,51,1
26031354,17540106951871600,12857142448425200,126,25,41,InfiniteSteps180,45,94,41,4,trackB10,6,328,117,94,1,35877692,SatDddSclFreshAddClauses,9163836,ok,32169160000000000,16785134,34944161,34944161,35194797,7,3,87,41,1
10667941451099900,829559748427673,15399999618530200,3202,25,,InfiniteSteps180,46,269,0,58,trackB11,570,6595,3889,268,1,12065356173700000,SatDddSclFreshAddClauses,13679444817,timeout,110656657028,4322815,,,120358859078,25,192,72,406,1
86921352405,8183760683760680,16214284896850500,970,25,,InfiniteSteps180,47,263,0,63,trackB12,478,3830,1904,262,3,12132991545599900,SatDddSclFreshAddClauses,34059190094,timeout,8821263080900000,30363393,,,120980542258,14,177,70,104,1
2702618348,13162510056315300,20931034088134700,5915,33,,InfiniteSteps180,48,287,0,51,stationA1,1388,16361,10854,287,2,120167437246,SatDddSclFreshAddClauses,9304090389,timeout,24720143383,7909315699999990,,,120067087134,29,250,29,83,1
49996692611,18015384615384600,19.0,3735,33,,InfiniteSteps180,49,466,0,89,stationA2,1673,17565,11644,466,1,120178012658,SatDddSclFreshAddClauses,70098487565,timeout,57674997444,10719666799999900,,,120095179951,25,418,40,63,1
14202186500000000,7632513661202180,22375,2061,33,26,InfiniteSteps180,50,359,26,31,stationA3,305,5587,3874,359,1,5061356772,SatDddSclFreshAddClauses,3636802365,ok,5007734505,39482596,5056571156999990,5056571156999990,50570207,16,173,177,26,1
8179978799999990,36177536231884000,19214284896850500,1175,33,22,InfiniteSteps180,51,158,22,17,stationA4,78,1997,1164,158,1,117772685,SatDddSclFreshAddClauses,34927431,ok,79487716,24018962000000000,11621397499999900,11621397499999900,116726909,14,50,103,22,1
12022031000000000,4506329113924050,19.25,876,33,23,InfiniteSteps180,52,154,23,23,stationA5,101,2136,1294,154,2,181880709,SatDddSclFreshAddClauses,60203352,ok,63926263,25214843000000000,179942089,179942089,180423323,12,63,86,23,1
34630023999999900,25359477124183000,18625,307,33,15,InfiniteSteps180,53,138,15,9,stationA6,21,776,388,138,1,53489604,SatDddSclFreshAddClauses,18174593,ok,52014059,17511872,52541298,52541298,52804338,8,12,122,15,1
53141913,36333333333333300,12625,126,33,16,InfiniteSteps180,54,185,16,12,stationA7,20,763,481,185,1,83089128,SatDddSclFreshAddClauses,29156204,ok,20534527,17427108999999900,8191210699999990,8191210699999990,82297877,8,13,169,16,1
9310928265000000,2956312443233420,1988888931274410,4862,33,,InfiniteSteps180,55,286,0,143,stationA8,4321,32549,17156,285,1,12072510898,SatDddSclFreshAddClauses,26950992397,timeout,792622599,792622599,,,12006027379,27,281,2,229,1
23244119630999900,12712895377128900,20049999237060500,2616,33,49,InfiniteSteps180,56,554,49,56,stationA9,661,10450,7493,554,2,63861463624,SatDddSclFreshAddClauses,405956284,ok,63522450331,72901357,63839415235,63839415235,63839747745,20,321,219,49,1
3399778405,7149606299212590,18176469802856400,1632,33,41,InfiniteSteps180,57,476,41,46,stationA10,274,4540,3064,476,2,5032517708,SatDddSclFreshAddClauses,1627728115,ok,5010789391,5053149,502719923,502719923,5027506257,17,160,304,41,1
88935546186,51295809367296600,20482759475708000,6144,33,,InfiniteSteps180,58,427,0,299,stationA11,10204,62427,28816,426,1,121013651583,SatDddSclFreshAddClauses,31419098307,timeout,3934647168,3934647168,,,120354644239,29,422,2,239,1
9164261778800000,59008842443729900,21714284896850500,6393,33,,InfiniteSteps180,59,508,0,332,stationA12,12234,73407,33101,507,2,12233936854,SatDddSclFreshAddClauses,29697164964,timeout,790785074,790785074,,,121339782302,28,499,5,246,1
1218756705,52725856697819300,1733333396911620,2022,25,30,InfiniteSteps180,60,186,30,25,stationB1,185,3385,2093,186,1,3046980623,SatDddSclFreshAddClauses,1818520258,ok,923972508,29591616000000000,30368562469999900,30368562469999900,3037276645,18,91,84,30,1
424279746,37973856209150300,14800000190734800,87,25,29,InfiniteSteps180,61,142,29,19,stationB2,41,581,310,142,2,538070792,SatDddSclFreshAddClauses,110189775,ok,5231632229999990,18964340999999900,5341262959999990,5341262959999990,534469169,5,32,101,29,1
21835246,27052023121387200,16799999237060500,136,20,6,InfiniteSteps180,62,98,6,7,stationB3,14,468,239,98,1,31031663,SatDddSclFreshAddClauses,8393225,ok,29656251,17661907,29919168,29919168,30228144,5,8,85,6,1
66003141665,7919452887537990,15949999809265100,2246,25,355,InfiniteSteps180,63,244,355,40,stationB4,388,5211,3232,244,3,79235416243,SatDddSclFreshAddClauses,13059114273,ok,6693828249499990,37610733,79061624601,79061624601,79062255627,20,140,94,355,1
23500378300000000,7786885245901630,17799999237060500,136,25,10,InfiniteSteps180,64,156,10,35,stationB5,108,1425,846,156,1,33562109899999900,SatDddSclFreshAddClauses,98497764,ok,286077257,27779624,333060411,333060411,333501276,5,60,90,10,1
16383453,20063694267515900,15199999809265100,93,25,5,InfiniteSteps180,65,72,5,5,stationB6,6,315,136,72,1,21577538999999900,SatDddSclFreshAddClauses,4675862,ok,16654465000000000,16166567,20863751,20863751,21059003,5,3,66,5,1
96068490055,1062962962962960,15.25,2865,25,339,InfiniteSteps180,66,270,339,49,stationB7,648,8036,5132,270,2,121262026077,SatDddSclFreshAddClauses,2496503926,ok,118004148836,52367877,12103314029800000,12103314029800000,121033529033,24,203,58,339,1
72266245,30719424460431600,13399999618530200,72,25,16,InfiniteSteps180,67,131,16,11,stationB8,14,427,232,131,2,101458863,SatDddSclFreshAddClauses,27810568,ok,5979981,19125812,99782505,99782505,100076445,5,9,117,16,1
18905467199999900,5355329949238570,13571428298950100,150,25,70,InfiniteSteps180,68,115,70,23,stationB9,102,1055,494,115,1,243670727,SatDddSclFreshAddClauses,51610114,ok,23344800199999900,27051033,24023221,24023221,240664467,7,55,52,70,1
20026192999999900,16631016042780700,12857142448425200,126,25,53,InfiniteSteps180,69,72,53,4,stationB10,6,311,100,72,1,26050488,SatDddSclFreshAddClauses,5294051,ok,22422785,15587193,25108314999999900,25108314999999900,25319953,7,3,66,53,1
107392351717,9013836477987420,15399999618530200,3202,25,,InfiniteSteps180,70,225,0,42,stationB11,619,7166,4329,224,1,121561679612,SatDddSclFreshAddClauses,13846065519,timeout,92663844716,45270302,,,121238416766,25,183,37,429,1
23841306312,7961538461538460,16214284896850500,970,25,98,InfiniteSteps180,71,210,98,68,stationB12,428,3726,1825,210,2,33485368229,SatDddSclFreshAddClauses,9494565533,ok,32200367873,47580673,33335356939,33335356939,33335871542,14,147,56,98,1
